{
  "lang":"en",
  "name":"pipeline",
  "version":"0.0.0",
  "spacy_version":">=3.7.5,<3.8.0",
  "description":"",
  "author":"",
  "email":"",
  "url":"",
  "license":"",
  "spacy_git_version":"a6d0fc360",
  "vectors":{
    "width":0,
    "vectors":0,
    "keys":0,
    "name":null,
    "mode":"default"
  },
  "labels":{
    "transformer":[

    ],
    "ner":[
      "B-LOC",
      "B-MISC",
      "B-ORG",
      "B-PER",
      "I-LOC",
      "I-MISC",
      "I-ORG",
      "I-PER"
    ]
  },
  "pipeline":[
    "transformer",
    "ner"
  ],
  "components":[
    "transformer",
    "ner"
  ],
  "disabled":[

  ],
  "performance":{
    "ents_f":0.9646388275,
    "ents_p":0.9653125364,
    "ents_r":0.9639660584,
    "ents_per_type":{
      "B-ORG":{
        "p":0.9412196914,
        "r":0.9552572707,
        "f":0.9481865285
      },
      "B-LOC":{
        "p":0.9790402648,
        "r":0.9662493195,
        "f":0.9726027397
      },
      "B-MISC":{
        "p":0.9314472252,
        "r":0.9284164859,
        "f":0.9299293862
      },
      "I-MISC":{
        "p":0.9198813056,
        "r":0.8959537572,
        "f":0.9077598829
      },
      "B-PER":{
        "p":0.9806034483,
        "r":0.9880564604,
        "f":0.9843158464
      },
      "I-PER":{
        "p":0.9915579432,
        "r":0.9885233359,
        "f":0.9900383142
      },
      "I-LOC":{
        "p":0.9691119691,
        "r":0.9766536965,
        "f":0.9728682171
      },
      "I-ORG":{
        "p":0.9528936743,
        "r":0.9427430093,
        "f":0.9477911647
      }
    },
    "transformer_loss":627.0969371857,
    "ner_loss":1074.0919514966
  }
}